"start";"end";"Consent Statement";"1. Which of the following best describes you? ";"1a. What is your zip code? ";"1.b How long have you lived on Tenerife? ";"2. What is your age group? ";"3. What is your gender? ";"4. What is the highest level of education you have completed? ";"5. What is your approximate monthly net household income? ";"6. Are you aware of the possibility of the following natural hazards to occur on Tenerife. ";"6. Are you aware of the possibility of the following natural hazards to occur on Tenerife. /Rockfall";"6. Are you aware of the possibility of the following natural hazards to occur on Tenerife. /Landslides";"6. Are you aware of the possibility of the following natural hazards to occur on Tenerife. /Flooding";"6. Are you aware of the possibility of the following natural hazards to occur on Tenerife. /Coastal flooding";"6. Are you aware of the possibility of the following natural hazards to occur on Tenerife. /Wildfires";"6. Are you aware of the possibility of the following natural hazards to occur on Tenerife. /Volcanic activity / eruption";"6. Are you aware of the possibility of the following natural hazards to occur on Tenerife. /Other  ";"6. Are you aware of the possibility of the following natural hazards to occur on Tenerife. /Prefer not to say";"7. Have you personally experienced any of the following hazards on Tenerife? ";"7. Have you personally experienced any of the following hazards on Tenerife? /Rockfall ";"7. Have you personally experienced any of the following hazards on Tenerife? /Landslides";"7. Have you personally experienced any of the following hazards on Tenerife? /Flooding";"7. Have you personally experienced any of the following hazards on Tenerife? /Coastal flooding ";"7. Have you personally experienced any of the following hazards on Tenerife? /Wildfires ";"7. Have you personally experienced any of the following hazards on Tenerife? /Volcanic activity / eruption";"7. Have you personally experienced any of the following hazards on Tenerife? /Other";"7. Have you personally experienced any of the following hazards on Tenerife? /I have not experienced any natural hazard ";"7. Have you personally experienced any of the following hazards on Tenerife? /Prefer not to say ";"7a. Have you become more aware/afraid of the risk of natural hazards? If yes, which ones?";"7a. Have you become more aware/afraid of the risk of natural hazards? If yes, which ones?/Rockfall";"7a. Have you become more aware/afraid of the risk of natural hazards? If yes, which ones?/Landslides";"7a. Have you become more aware/afraid of the risk of natural hazards? If yes, which ones?/Flooding";"7a. Have you become more aware/afraid of the risk of natural hazards? If yes, which ones?/Coastal flooding";"7a. Have you become more aware/afraid of the risk of natural hazards? If yes, which ones?/Wildfires";"7a. Have you become more aware/afraid of the risk of natural hazards? If yes, which ones?/Volcanic activity / eruption ";"7a. Have you become more aware/afraid of the risk of natural hazards? If yes, which ones?/Other";"7a. Have you become more aware/afraid of the risk of natural hazards? If yes, which ones?/I have not become more afraid of the risk of natural hazard ";"7a. Have you become more aware/afraid of the risk of natural hazards? If yes, which ones?/Prefer not to say";"8. Have you experienced a disturbance on the road due to a natural hazard (landslide, rockfall, flooding, etc.)? ";"9. Which of the following hazards do you perceive as a concrete risk for the area where you live or stay? ";"Rockfall";"Landslides";"Flooding";"Coastal flooding ";"Wildfires ";"Volcanic activity / eruption ";"10. How safe do you think you would be if a natural hazard occured in the area where you live or stay? ";"11. How informed do you feel about natural hazards on Tenerife?";"12. Did your hotel, host, or travel provider provide any information about natural hazards or emergency procedures?";"13 Do you know what to do in case of an emergency related to natural hazards?";"14. Do you know where to find official warnings or evacuation information?";"15. What do you think is the most effective way to receive information on how to protect your family and prepare your home for natural hazards?";"16. Have you personally taken any measures to reduce your vulnerability from natural hazards on Tenerife? (if yes, which measures have you taken?)";"16a. Which measures have you taken? Select all that apply.";"16a. Which measures have you taken? Select all that apply./Emergency plan";"16a. Which measures have you taken? Select all that apply./I prepared my (building/home) to be more sturdy/less flammable/more resistant and less vulnerable to a natural hazard.";"16a. Which measures have you taken? Select all that apply./Escape plan (safe shelter location)";"16a. Which measures have you taken? Select all that apply./Emergency aid kit";"16a. Which measures have you taken? Select all that apply./Radio/ communication";"16a. Which measures have you taken? Select all that apply./Insurance for natural hazard events";"16a. Which measures have you taken? Select all that apply./Other measures";"16a. Which measures have you taken? Select all that apply./Prefer not to say";"17. Are you willing to adapt to hazards (scale of willingness per hazard)";"18. Which of the following reason limits you to take (more) protective measures?";"18. Which of the following reason limits you to take (more) protective measures?/Too expensive";"18. Which of the following reason limits you to take (more) protective measures?/I do not think it is necessary";"18. Which of the following reason limits you to take (more) protective measures?/I do not know what to do";"18. Which of the following reason limits you to take (more) protective measures?/I rent the property";"18. Which of the following reason limits you to take (more) protective measures?/I do not have time";"18. Which of the following reason limits you to take (more) protective measures?/I expect the government to handle it";"18. Which of the following reason limits you to take (more) protective measures?/Other";"18. Which of the following reason limits you to take (more) protective measures?/Prefer not to say";"19. Would you change your plans for the day if you got an official warning about a natural hazard? ";"20. To what extent do you trust local authorities to provide reliable information and manage natural hazards on Tenerife?";"21.  Who do you think is/are responsible for decreasing vulnerability and making Tenerife safer for natural hazards? Making roads safer, emergency kits, etc. (Select all that apply)  ";"21a. Will you then also be willing to pay more taxes? ";"22. Do you have access to transport if you needed to leave your area quickly? ";"23. Do you know people in your direct environment that rely on help during a natural hazard? (evacuation, cooking, medical help etc.) ";"23a. How many?   ";"24. Do you have any other comments concerning natural hazards on Tenerife?";"_id";"_uuid";"_submission_time";"_validation_status";"_notes";"_status";"_submitted_by";"__version__";"_tags";"meta/rootUuid";"_index"
"2026-03-14T09:05:55.544Z";"2026-03-14T09:08:55.541Z";"Yes, I want to participate with the survey and I am older than 18 years old.";"Seasonal resident  ";"Puerto de la cruz";"6-10 years";"45-54";"Male";"University education ";"Prefer to not say";"Rockfall Coastal flooding Flooding";"1";"0";"1";"1";"0";"0";"0";"0";"Coastal flooding  Flooding";"0";"0";"1";"1";"0";"0";"0";"0";"0";"Flooding Coastal flooding";"0";"0";"1";"1";"0";"0";"0";"0";"0";"Yes, I have experienced flooding, rockfall and landslide on the road and this was a disturbance ";"";"Low";"Moderate";"Low";"Very high";"No risk ";"Very low ";"Neither safe nor unsafe ";"Not informed at all";"";"Probably not";"Not sure";"SMS";"Yes, I have";"Radio/ communication";"0";"0";"0";"0";"1";"0";"0";"0";"Yes, moderately willing to do some adaptation measures.";"I rent the property";"0";"0";"0";"1";"0";"0";"0";"0";"Yes, I would travel to a safer part of the island. ";"Fully trust";"Municipalities ";"";"Definitely yes ";"Yes";"2.0";"No";"757116938";"0a89373f-d863-417c-a6a3-7aa233ba1d27";"2026-03-14T09:12:35";"";"";"submitted_via_web";"mauricemommen";"vaw83DbxZgUnSNQtbb2Vst";"";"uuid:0a89373f-d863-417c-a6a3-7aa233ba1d27";"1"
"2026-03-14T12:18:01.899-00:00";"2026-03-14T12:36:53.159-00:00";"Yes, I want to participate with the survey and I am older than 18 years old.";"Tourist / visitor";"";"";"45-54";"Male";"Primary education ";"€3,000–€3,999 ";"Landslides";"0";"1";"0";"0";"0";"0";"0";"0";"Wildfires ";"0";"0";"0";"0";"1";"0";"0";"0";"0";"Prefer not to say";"0";"0";"0";"0";"0";"0";"0";"0";"1";"No, I have not experienced a natural hazard on the road ";"";"";"";"";"";"";"";"";"Well informed";" No";"Not sure";"Probably yes";"Internet";"No, I did not prepare for hazards.";"";"";"";"";"";"";"";"";"";"";"I do not think it is necessary";"0";"1";"0";"0";"0";"0";"0";"0";"No, I would continue activities as planned.";"Fully trust";"Government of Tenerife ";"Yes";"Definitely yes ";"No";"";"Gwen";"757173367";"558fbd1f-1fc1-4fac-9d41-8ba910b51ebc";"2026-03-14T12:37:12";"";"";"submitted_via_web";"guillermogarciaalvarez";"vaw83DbxZgUnSNQtbb2Vst";"";"uuid:558fbd1f-1fc1-4fac-9d41-8ba910b51ebc";"2"
"2026-03-14T12:22:54.053Z";"2026-03-14T12:28:22.507Z";"Yes, I want to participate with the survey and I am older than 18 years old.";"Permanent resident";"38470";"1-5 years  ";"35-44";"Male";"University education ";"€1,000–€1,999 ";"Other  ";"0";"0";"0";"0";"0";"0";"1";"0";"Prefer not to say  I have not experienced any natural hazard ";"0";"0";"0";"0";"0";"0";"0";"1";"1";"";"";"";"";"";"";"";"";"";"";"No, I have not experienced a natural hazard on the road ";"";"High";"High";"No risk ";"No risk ";"Very low ";"No risk ";"Neither safe nor unsafe ";"Slightly informed";"";"Probably not";"Probably not";"Internet";"Yes, I have";"Emergency plan";"1";"0";"0";"0";"0";"0";"0";"0";"Not willing at all";"Too expensive";"1";"0";"0";"0";"0";"0";"0";"0";"No, I would continue activities as planned.";"Do not trust at all";"The inhabitants of Tenerife ";"";"Definitely no ";"No";"";"No";"757181211";"0a90eef0-0471-4c5f-bfb4-8c300a4e94b6";"2026-03-14T13:01:26";"";"";"submitted_via_web";"mauricemommen";"vaw83DbxZgUnSNQtbb2Vst";"";"uuid:0a90eef0-0471-4c5f-bfb4-8c300a4e94b6";"3"
"2026-03-14T12:36:53.191-00:00";"2026-03-14T13:11:01.903-00:00";"Yes, I want to participate with the survey and I am older than 18 years old.";"Tourist / visitor";"";"";"45-54";"Male";"University education ";"€5,000 or more";"Rockfall Coastal flooding Wildfires";"1";"0";"0";"1";"1";"0";"0";"0";"";"";"";"";"";"";"";"";"";"";"";"";"";"";"";"";"";"";"";"";"No, I have not experienced a natural hazard on the road ";"";"Moderate";"Low";"";"Low";"High";"Very low ";"Very safe ";"Well informed";" I don’t know";"Probably yes";"Probably yes";"SMS";"No, I did not prepare for hazards.";"";"";"";"";"";"";"";"";"";"Yes, willing to do so";"I rent the property I expect the government to handle it";"0";"0";"0";"1";"0";"1";"0";"0";"Yes, I would travel to a safer part of the island. ";"Fully trust";"Government of Spain ";"";"Definitely yes ";"No";"";"";"757183782";"68e20fc5-4daf-46dd-8f64-948c06c54bbb";"2026-03-14T13:11:02";"";"";"submitted_via_web";"guillermogarciaalvarez";"vaw83DbxZgUnSNQtbb2Vst";"";"uuid:68e20fc5-4daf-46dd-8f64-948c06c54bbb";"4"
"2026-03-14T13:11:01.941-00:00";"2026-03-14T15:53:05.846-00:00";"";"Seasonal resident  ";"";"More than 10 years ";"65+";"Male";"University education ";"€5,000 or more";"Rockfall Flooding Coastal flooding Wildfires Volcanic activity / eruption";"1";"0";"1";"1";"1";"1";"0";"0";"Flooding Coastal flooding  Wildfires  Volcanic activity / eruption";"0";"0";"1";"1";"1";"1";"0";"0";"0";"Other";"0";"0";"0";"0";"0";"0";"1";"0";"0";"Yes, I have experienced rockfall/landslide on the road, and this was a disturbance ";"";"Moderate";"Very low ";"Moderate";"Moderate";"High";"Moderate";"Safe ";"Very well informed";"";"Not sure";"Probably yes";"Internet";"No, I did not prepare for hazards.";"";"";"";"";"";"";"";"";"";"Not willing at all";"I expect the government to handle it";"0";"0";"0";"0";"0";"1";"0";"0";"Yes, I would travel to a safer part of the island. ";"Fully trust";"I don't think Tenerife has to be safer for natural hazards ";"";"Probably yes  ";"Yes";"";"";"757219764";"07b6892a-a95f-4103-bc5d-9534d4cabffd";"2026-03-14T15:53:06";"";"";"submitted_via_web";"guillermogarciaalvarez";"vaw83DbxZgUnSNQtbb2Vst";"";"uuid:07b6892a-a95f-4103-bc5d-9534d4cabffd";"5"
"2026-03-14T15:53:05.928-00:00";"2026-03-14T16:21:49.023-00:00";"Yes, I want to participate with the survey and I am older than 18 years old.";"Permanent resident";"10117";"6-10 years";"45-54";"Non-Binary";"Option 6";"€5,000 or more";"Rockfall Landslides Flooding Coastal flooding Wildfires Volcanic activity / eruption";"1";"1";"1";"1";"1";"1";"0";"0";"Rockfall  Landslides Flooding Coastal flooding  Wildfires  Volcanic activity / eruption";"1";"1";"1";"1";"1";"1";"0";"0";"0";"Rockfall Landslides Flooding Coastal flooding Wildfires Volcanic activity / eruption  I have not become more afraid of the risk of natural hazard ";"1";"1";"1";"1";"1";"1";"0";"1";"0";"Yes, I have experienced flooding, rockfall and landslide on the road and this was a disturbance ";"";"High";"High";"High";"High";"High";"High";"Very safe ";"Very well informed";"";"Yes, definitely";"Yes, definitely";"Internet";"Yes, I have";"Other measures";"0";"0";"0";"0";"0";"0";"1";"0";"Yes, I am willing to adapt in every way possible. ";"Other";"0";"0";"0";"0";"0";"0";"1";"0";"Yes, I would travel to a safer part of the island. ";"Fully trust";"Government of Tenerife ";"Yes";"Definitely yes ";"Yes";"50";"Drug dealers, thieving whores, the British, my hungry dogs, my lazy orange-stealing neighbor Benito, an empty bank account due to the New World Order, Trump setting the world on fire, and of course global warming and setting off Teide and the effects of a Spanish Pompeii";"757225555";"0676b626-1839-4d37-84d2-b89cbb982228";"2026-03-14T16:21:50";"";"";"submitted_via_web";"guillermogarciaalvarez";"vaw83DbxZgUnSNQtbb2Vst";"";"uuid:0676b626-1839-4d37-84d2-b89cbb982228";"6"
"2026-03-14T11:16:47.707Z";"2026-03-14T11:25:17.177Z";"Yes, I want to participate with the survey and I am older than 18 years old.";"Tourist / visitor";"";"";"35-44";"Male";"University education ";"€2,000–€2,999 ";"Rockfall Landslides Flooding Coastal flooding Wildfires Volcanic activity / eruption";"1";"1";"1";"1";"1";"1";"0";"0";"I have not experienced any natural hazard ";"0";"0";"0";"0";"0";"0";"0";"1";"0";"";"";"";"";"";"";"";"";"";"";"No, I have not experienced a natural hazard on the road ";"";"High";"Moderate";"Low";"Moderate";"Low";"Very low ";"Safe ";"Not informed at all";" No";"Probably not";"Yes, definitely";"SMS";"Yes, I have";"Insurance for natural hazard events";"0";"0";"0";"0";"0";"1";"0";"0";"Yes, slightly willing. (Only if I must, due to governmental recommendation)";"I rent the property I do not think it is necessary I expect the government to handle it";"0";"1";"0";"1";"0";"1";"0";"0";"Yes, I would travel to a safer part of the island. ";"Fully trust";"Government of Tenerife ";"No, that is not needed  ";"Definitely yes ";"No";"";"-";"757239521";"bef3c50e-b6b5-4469-bfbd-da23d237476c";"2026-03-14T17:41:16";"";"";"submitted_via_web";"simona_gruber";"vaw83DbxZgUnSNQtbb2Vst";"";"uuid:bef3c50e-b6b5-4469-bfbd-da23d237476c";"7"
"2026-03-14T12:17:48.541Z";"2026-03-14T12:23:14.435Z";"Yes, I want to participate with the survey and I am older than 18 years old.";"Tourist / visitor";"";"";"55-64";"Male";"University education ";"Prefer to not say";"Rockfall Wildfires Volcanic activity / eruption";"1";"0";"0";"0";"1";"1";"0";"0";"I have not experienced any natural hazard ";"0";"0";"0";"0";"0";"0";"0";"1";"0";"";"";"";"";"";"";"";"";"";"";"No, I have not experienced a natural hazard on the road ";"";"No risk ";"No risk ";"No risk ";"No risk ";"No risk ";"Low";"Safe ";"Slightly informed";" No";"Probably not";"Definitely not";"Radio";"No, I did not prepare for hazards.";"";"";"";"";"";"";"";"";"";"Yes, willing to do so";"I rent the property";"0";"0";"0";"1";"0";"0";"0";"0";"Yes, I would avoid the specific location mentioned in the warning";"Moderately trust";"Government of Tenerife ";"Yes";"Definitely yes ";"No";"";"-";"757239523";"5f4f86f9-b9a7-4f12-979c-b311dbba0f3b";"2026-03-14T17:41:16";"";"";"submitted_via_web";"simona_gruber";"vaw83DbxZgUnSNQtbb2Vst";"";"uuid:5f4f86f9-b9a7-4f12-979c-b311dbba0f3b";"8"
"2026-03-14T12:29:37.055Z";"2026-03-14T12:35:09.936Z";"Yes, I want to participate with the survey and I am older than 18 years old.";"Tourist / visitor";"";"";"25-34";"Male";"University education ";"€4,000–€4,999 ";"Rockfall Coastal flooding Wildfires";"1";"0";"0";"1";"1";"0";"0";"0";"I have not experienced any natural hazard ";"0";"0";"0";"0";"0";"0";"0";"1";"0";"";"";"";"";"";"";"";"";"";"";"No, I have not experienced a natural hazard on the road ";"";"No risk ";"No risk ";"No risk ";"No risk ";"Very low ";"Very low ";"Neither safe nor unsafe ";"Moderately informed";" No";"Probably not";"Definitely not";"SMS";"No, I did not prepare for hazards.";"";"";"";"";"";"";"";"";"";"Yes, moderately willing to do some adaptation measures.";"Other";"0";"0";"0";"0";"0";"0";"1";"0";"Yes, I would avoid the specific location mentioned in the warning";"Highly trust";"Government of Tenerife ";"Prefer not to answer";"Definitely yes ";"No";"";"Not really. Not enough data";"757239526";"86381a62-d8d2-4d3b-8627-1a05b17c21cd";"2026-03-14T17:41:17";"";"";"submitted_via_web";"simona_gruber";"vaw83DbxZgUnSNQtbb2Vst";"";"uuid:86381a62-d8d2-4d3b-8627-1a05b17c21cd";"9"
"2026-03-15T18:00:47.926-00:00";"2026-03-15T18:04:05.000-00:00";"Yes, I want to participate with the survey and I am older than 18 years old.";"Tourist / visitor";"";"";"35-44";"Female";"University education ";"€3,000–€3,999 ";"Landslides Wildfires Volcanic activity / eruption";"0";"1";"0";"0";"1";"1";"0";"0";"Coastal flooding ";"0";"0";"0";"1";"0";"0";"0";"0";"0";"Coastal flooding";"0";"0";"0";"1";"0";"0";"0";"0";"0";"Yes, I have experienced flooding, rockfall and landslide on the road and this was a disturbance ";"";"No risk ";"Very low ";"Low";"Moderate";"High";"Very high";"Very unsafe ";"Very well informed";" No";"Not sure";"Probably not";"Social media";"Yes, I have";"Emergency plan I prepared my (building/home) to be more sturdy/less flammable/more resistant and less vulnerable to a natural hazard. Escape plan (safe shelter location) Emergency aid kit Radio/ communication Insurance for natural hazard events Other measures";"1";"1";"1";"1";"1";"1";"1";"0";"Yes, I am willing to adapt in every way possible. ";"I rent the property I expect the government to handle it";"0";"0";"0";"1";"0";"1";"0";"0";"Yes, I would pause activities and stay indoors while waiting for further updates";"Fully trust";"Government of Tenerife ";"Yes";"Definitely yes ";"No";"";"";"757490643";"e1ac3d9c-1ea2-45f3-81d8-7ca4b5908dfa";"2026-03-15T18:04:05";"";"";"submitted_via_web";"";"vaw83DbxZgUnSNQtbb2Vst";"";"uuid:e1ac3d9c-1ea2-45f3-81d8-7ca4b5908dfa";"10"
"2026-03-16T08:46:37.489-00:00";"2026-03-16T08:49:40.400-00:00";"Yes, I want to participate with the survey and I am older than 18 years old.";"Tourist / visitor";"";"";"35-44";"Male";"High school education  ";"€4,000–€4,999 ";"Rockfall Volcanic activity / eruption";"1";"0";"0";"0";"0";"1";"0";"0";"I have not experienced any natural hazard ";"0";"0";"0";"0";"0";"0";"0";"1";"0";"";"";"";"";"";"";"";"";"";"";"No, I have not experienced a natural hazard on the road ";"";"Very low ";"Very low ";"Very low ";"Very low ";"Very low ";"Very low ";"Neither safe nor unsafe ";"Moderately informed";"Yes";"Not sure";"Not sure";"SMS";"No, I did not prepare for hazards.";"";"";"";"";"";"";"";"";"";"Yes, slightly willing. (Only if I must, due to governmental recommendation)";"I do not think it is necessary";"0";"1";"0";"0";"0";"0";"0";"0";"Yes, I would avoid the specific location mentioned in the warning";"Highly trust";"Government of Tenerife ";"Yes";"Probably yes  ";"No";"";"A";"757645836";"9e5bfe5e-3617-440c-877e-15e68ed34228";"2026-03-16T08:49:41";"";"";"submitted_via_web";"";"vaw83DbxZgUnSNQtbb2Vst";"";"uuid:9e5bfe5e-3617-440c-877e-15e68ed34228";"11"
"2026-03-16T13:41:16.351-00:00";"2026-03-16T13:43:51.026-00:00";"";"Tourist / visitor";"";"";"35-44";"Female";"University education ";"€5,000 or more";"Rockfall Wildfires";"1";"0";"0";"0";"1";"0";"0";"0";"I have not experienced any natural hazard ";"0";"0";"0";"0";"0";"0";"0";"1";"0";"";"";"";"";"";"";"";"";"";"";"No, I have not experienced a natural hazard on the road ";"";"Low";"I don't know";"Very low ";"I don't know";"Moderate";"I don't know";"Very safe ";"Slightly informed";" No";"Definitely not";"Probably not";"SMS";"No, I did not prepare for hazards.";"";"";"";"";"";"";"";"";"";"Yes, willing to do so";"I expect the government to handle it";"0";"0";"0";"0";"0";"1";"0";"0";"Yes, I would travel to a safer part of the island. ";"Highly trust";"Government of Tenerife ";"Yes";"Probably yes  ";"No";"";"No";"757770518";"af4904e6-c8ed-4dd4-955b-5694bf0d75a3";"2026-03-16T13:43:51";"";"";"submitted_via_web";"";"vaw83DbxZgUnSNQtbb2Vst";"";"uuid:af4904e6-c8ed-4dd4-955b-5694bf0d75a3";"12"
"2026-03-16T14:08:06.386-00:00";"2026-03-16T14:11:11.662-00:00";"Yes, I want to participate with the survey and I am older than 18 years old.";"Seasonal resident  ";"";"6-10 years";"55-64";"Male";"High school education  ";"Prefer to not say";"Rockfall Landslides Flooding Coastal flooding Wildfires Volcanic activity / eruption";"1";"1";"1";"1";"1";"1";"0";"0";"Rockfall  Wildfires ";"1";"0";"0";"0";"1";"0";"0";"0";"0";"Rockfall Flooding Coastal flooding Wildfires Volcanic activity / eruption ";"1";"0";"1";"1";"1";"1";"0";"0";"0";"Yes, I have experienced flooding, rockfall and landslide on the road and this was a disturbance ";"";"Moderate";"I don't know";"Moderate";"Moderate";"Moderate";"I don't know";"Unsafe ";"Moderately informed";"";"Not sure";"Probably yes";"SMS";"Yes, I have";"I prepared my (building/home) to be more sturdy/less flammable/more resistant and less vulnerable to a natural hazard. Emergency aid kit Radio/ communication Insurance for natural hazard events";"0";"1";"0";"1";"1";"1";"0";"0";"Yes, willing to do so";"I do not know what to do";"0";"0";"1";"0";"0";"0";"0";"0";"Yes, I would travel to a safer part of the island. ";"Moderately trust";"Government of Spain ";"";"Definitely yes ";"Yes";"3";"No";"757780661";"a2b9dd2b-503c-4631-8376-08c30b29acee";"2026-03-16T14:11:12";"";"";"submitted_via_web";"";"vaw83DbxZgUnSNQtbb2Vst";"";"uuid:a2b9dd2b-503c-4631-8376-08c30b29acee";"13"
"2026-03-16T14:13:19.178-00:00";"2026-03-16T14:24:43.262-00:00";"Yes, I want to participate with the survey and I am older than 18 years old.";"Tourist / visitor";"";"";"45-54";"Female";"High school education  ";"€2,000–€2,999 ";"Rockfall Landslides Coastal flooding Wildfires Volcanic activity / eruption";"1";"1";"0";"1";"1";"1";"0";"0";"I have not experienced any natural hazard ";"0";"0";"0";"0";"0";"0";"0";"1";"0";"";"";"";"";"";"";"";"";"";"";"No, I have not experienced a natural hazard on the road ";"";"Moderate";"Moderate";"Moderate";"Moderate";"Moderate";"Very low ";"Very safe ";"Well informed";" No";"Not sure";"Probably not";"I don’t know";"Yes, I have";"Other measures";"0";"0";"0";"0";"0";"0";"1";"0";"Yes, willing to do so";"I expect the government to handle it";"0";"0";"0";"0";"0";"1";"0";"0";"Yes, I would travel to a safer part of the island. ";"Highly trust";"Government of Spain ";"";"Definitely yes ";"No";"";"Ni";"757784920";"003751fe-224c-469d-b8e3-87b16ff3eb2d";"2026-03-16T14:24:44";"";"";"submitted_via_web";"";"vaw83DbxZgUnSNQtbb2Vst";"";"uuid:003751fe-224c-469d-b8e3-87b16ff3eb2d";"14"
"2026-03-16T14:24:46.412-00:00";"2026-03-16T14:29:58.431-00:00";"Yes, I want to participate with the survey and I am older than 18 years old.";"Tourist / visitor";"";"";"55-64";"Male";"Primary education ";"€2,000–€2,999 ";"Rockfall Landslides Flooding Coastal flooding Wildfires Volcanic activity / eruption";"1";"1";"1";"1";"1";"1";"0";"0";"I have not experienced any natural hazard ";"0";"0";"0";"0";"0";"0";"0";"1";"0";"";"";"";"";"";"";"";"";"";"";"No, I have not experienced a natural hazard on the road ";"";"Moderate";"Very high";"Low";"Low";"Moderate";"Very low ";"Safe ";"Moderately informed";" No";"Not sure";"Not sure";"I don’t know";"Yes, I have";"Emergency aid kit Insurance for natural hazard events";"0";"0";"0";"1";"0";"1";"0";"0";"Yes, I am willing to adapt in every way possible. ";"I expect the government to handle it";"0";"0";"0";"0";"0";"1";"0";"0";"Yes, I would pause activities and stay indoors while waiting for further updates";"Fully trust";"Government of Tenerife ";"Yes";"Definitely yes ";"I don't know";"";"Ni";"757786717";"a2c22972-05dd-4df8-abd3-1b92762bed3b";"2026-03-16T14:30:08";"";"";"submitted_via_web";"";"vaw83DbxZgUnSNQtbb2Vst";"";"uuid:a2c22972-05dd-4df8-abd3-1b92762bed3b";"15"
"2026-03-16T14:30:11.202-00:00";"2026-03-16T14:32:42.875-00:00";"Yes, I want to participate with the survey and I am older than 18 years old.";"Tourist / visitor";"";"";"45-54";"Male";"High school education  ";"€3,000–€3,999 ";"Rockfall Coastal flooding Wildfires Volcanic activity / eruption";"1";"0";"0";"1";"1";"1";"0";"0";"I have not experienced any natural hazard ";"0";"0";"0";"0";"0";"0";"0";"1";"0";"";"";"";"";"";"";"";"";"";"";"No, I have not experienced a natural hazard on the road ";"";"Moderate";"I don't know";"Very low ";"Low";"Low";"I don't know";"Safe ";"Slightly informed";"Yes";"Probably not";"Probably not";"SMS";"No, I did not prepare for hazards.";"";"";"";"";"";"";"";"";"";"Yes, willing to do so";"I do not know what to do";"0";"0";"1";"0";"0";"0";"0";"0";"Yes, I would pause activities and stay indoors while waiting for further updates";"Highly trust";"I don't think Tenerife has to be safer for natural hazards ";"";"Probably yes  ";"I don't know";"";"Ni";"757787770";"d186c4c2-8b04-48ef-9bff-db7207d86a7d";"2026-03-16T14:33:01";"";"";"submitted_via_web";"";"vaw83DbxZgUnSNQtbb2Vst";"";"uuid:d186c4c2-8b04-48ef-9bff-db7207d86a7d";"16"
"2026-03-16T14:40:10.930-00:00";"2026-03-16T14:43:08.793-00:00";"Yes, I want to participate with the survey and I am older than 18 years old.";"Permanent resident";"La Guancha";"6-10 years";"35-44";"Female";"High school education  ";"Less than €1,000 ";"Rockfall Landslides Flooding Wildfires Volcanic activity / eruption";"1";"1";"1";"0";"1";"1";"0";"0";"Rockfall  Landslides Wildfires ";"1";"1";"0";"0";"1";"0";"0";"0";"0";"Volcanic activity / eruption ";"0";"0";"0";"0";"0";"1";"0";"0";"0";"Yes, I have experienced rockfall/landslide on the road, and this was a disturbance ";"";"High";"High";"Very low ";"I don't know";"Very high";"Moderate";"Unsafe ";"Slightly informed";"";"Not sure";"Probably yes";"Television/News";"No, I did not prepare for hazards.";"";"";"";"";"";"";"";"";"";"Yes, moderately willing to do some adaptation measures.";"Too expensive I do not know what to do I expect the government to handle it";"1";"0";"1";"0";"0";"1";"0";"0";"Yes, I would travel to a safer part of the island. ";"Moderately trust";"Government of Tenerife ";"No, that is not needed  ";"Probably no";"Yes";"5";"";"757791161";"a4831be6-4266-4af8-9818-d325f86ba9bb";"2026-03-16T14:43:09";"";"";"submitted_via_web";"";"vaw83DbxZgUnSNQtbb2Vst";"";"uuid:a4831be6-4266-4af8-9818-d325f86ba9bb";"17"
"2026-03-16T14:41:39.854-00:00";"2026-03-16T14:43:38.509-00:00";"Yes, I want to participate with the survey and I am older than 18 years old.";"Tourist / visitor";"";"";"25-34";"Male";"University education ";"€5,000 or more";"Rockfall Coastal flooding";"1";"0";"0";"1";"0";"0";"0";"0";"I have not experienced any natural hazard ";"0";"0";"0";"0";"0";"0";"0";"1";"0";"";"";"";"";"";"";"";"";"";"";"No, I have not experienced a natural hazard on the road ";"";"Low";"No risk ";"No risk ";"Very low ";"No risk ";"No risk ";"Very safe ";"Slightly informed";" No";"Probably not";"Probably not";"Social media";"No, I did not prepare for hazards.";"";"";"";"";"";"";"";"";"";"Yes, willing to do so";"I do not know what to do I expect the government to handle it";"0";"0";"1";"0";"0";"1";"0";"0";"Yes, I would avoid the specific location mentioned in the warning";"Moderately trust";"Government of Spain ";"";"Definitely yes ";"No";"";"Ni";"757791306";"c534f3ed-642f-4cbb-a6f3-bc134fac8e65";"2026-03-16T14:43:39";"";"";"submitted_via_web";"";"vaw83DbxZgUnSNQtbb2Vst";"";"uuid:c534f3ed-642f-4cbb-a6f3-bc134fac8e65";"18"
"2026-03-16T14:43:41.742-00:00";"2026-03-16T14:46:20.182-00:00";"Yes, I want to participate with the survey and I am older than 18 years old.";"Seasonal resident  ";"";"Less than 1 year  ";"25-34";"Male";"High school education  ";"€1,000–€1,999 ";"Rockfall";"1";"0";"0";"0";"0";"0";"0";"0";"I have not experienced any natural hazard ";"0";"0";"0";"0";"0";"0";"0";"1";"0";"";"";"";"";"";"";"";"";"";"";"No, I have not experienced a natural hazard on the road ";"";"Low";"Very low ";"Very low ";"Very low ";"Very low ";"Very low ";"Safe ";"Not informed at all";"";"Probably not";"Not sure";"Social media";"No, I did not prepare for hazards.";"";"";"";"";"";"";"";"";"";"Yes, moderately willing to do some adaptation measures.";"I do not think it is necessary I do not know what to do";"0";"1";"1";"0";"0";"0";"0";"0";"Yes, I would avoid the specific location mentioned in the warning";"Moderately trust";"I don't think Tenerife has to be safer for natural hazards ";"";"Not sure ";"Yes";"1";"Ni";"757792360";"3a02910e-6ef8-4c7f-91da-5ab060659421";"2026-03-16T14:46:20";"";"";"submitted_via_web";"";"vaw83DbxZgUnSNQtbb2Vst";"";"uuid:3a02910e-6ef8-4c7f-91da-5ab060659421";"19"
"2026-03-16T17:51:26.056-00:00";"2026-03-16T17:54:54.034-00:00";"Yes, I want to participate with the survey and I am older than 18 years old.";"Seasonal resident  ";"Norte";"6-10 years";"55-64";"Male";"Prefer not to say ";"Prefer to not say";"Rockfall Coastal flooding Wildfires Volcanic activity / eruption";"1";"0";"0";"1";"1";"1";"0";"0";"Rockfall  Wildfires  I have not experienced any natural hazard ";"1";"0";"0";"0";"1";"0";"0";"1";"0";"Wildfires";"0";"0";"0";"0";"1";"0";"0";"0";"0";"Yes, I have experienced rockfall/landslide on the road, and this was a disturbance ";"";"High";"Very low ";"Very low ";"Low";"Moderate";"Very low ";"Unsafe ";"Moderately informed";"";"Probably not";"Not sure";"Television/News";"No, I did not prepare for hazards.";"";"";"";"";"";"";"";"";"";"Yes, willing to do so";"I do not know what to do";"0";"0";"1";"0";"0";"0";"0";"0";"Yes, I would pause activities and stay indoors while waiting for further updates";"Slightly trust";"Prefer not to answer ";"";"Probably yes  ";"I don't know";"";"F";"757847642";"081219c7-9c24-4d03-bef7-bfd8e4861490";"2026-03-16T17:54:54";"";"";"submitted_via_web";"";"vaw83DbxZgUnSNQtbb2Vst";"";"uuid:081219c7-9c24-4d03-bef7-bfd8e4861490";"20"
"2026-03-16T14:13:05.777Z";"2026-03-16T14:23:49.391Z";"Yes, I want to participate with the survey and I am older than 18 years old.";"Tourist / visitor";"";"";"35-44";"Female";"University education ";"€2,000–€2,999 ";"Rockfall Volcanic activity / eruption Coastal flooding Wildfires";"1";"0";"0";"1";"1";"1";"0";"0";"I have not experienced any natural hazard ";"0";"0";"0";"0";"0";"0";"0";"1";"0";"";"";"";"";"";"";"";"";"";"";"No, I have not experienced a natural hazard on the road ";"";"High";"High";"Low";"High";"Moderate";"High";"Safe ";"Not informed at all";" No";"Definitely not";"Definitely not";"SMS";"No, I did not prepare for hazards.";"";"";"";"";"";"";"";"";"";"Yes, willing to do so";"I do not know what to do";"0";"0";"1";"0";"0";"0";"0";"0";"Yes, I would avoid the specific location mentioned in the warning";"I don't know";"Government of Tenerife ";"Yes";"Probably no";"No";"";"Na";"757848643";"96e5f032-0801-4c49-931c-09dfde8ae397";"2026-03-16T18:00:47";"";"";"submitted_via_web";"simona_gruber";"vaw83DbxZgUnSNQtbb2Vst";"";"uuid:96e5f032-0801-4c49-931c-09dfde8ae397";"21"
"2026-03-16T09:12:03.891Z";"2026-03-16T09:18:18.784Z";"Yes, I want to participate with the survey and I am older than 18 years old.";"Tourist / visitor";"";"";"65+";"Female";"University education ";"€3,000–€3,999 ";"Rockfall Wildfires Flooding";"1";"0";"1";"0";"1";"0";"0";"0";"I have not experienced any natural hazard ";"0";"0";"0";"0";"0";"0";"0";"1";"0";"";"";"";"";"";"";"";"";"";"";"No, I have not experienced a natural hazard on the road ";"";"No risk ";"No risk ";"Moderate";"No risk ";"Very low ";"Very low ";"Very safe ";"Well informed";" I don’t know";"Not sure";"Not sure";"Radio";"No, I did not prepare for hazards.";"";"";"";"";"";"";"";"";"";"Yes, moderately willing to do some adaptation measures.";"I expect the government to handle it";"0";"0";"0";"0";"0";"1";"0";"0";"Yes, I would pause activities and stay indoors while waiting for further updates";"Moderately trust";"Government of Tenerife ";"Prefer not to answer";"Definitely yes ";"I don't know";"";"";"757878246";"cea5a706-bf0a-4944-a008-f114bdb304e6";"2026-03-16T20:59:24";"";"";"submitted_via_web";"floorvanderv";"vaw83DbxZgUnSNQtbb2Vst";"";"uuid:cea5a706-bf0a-4944-a008-f114bdb304e6";"22"
"2026-03-16T09:20:21.279Z";"2026-03-16T09:28:33.917Z";"Yes, I want to participate with the survey and I am older than 18 years old.";"Tourist / visitor";"";"";"18-24 ";"Female";"High school education  ";"Less than €1,000 ";"Rockfall Coastal flooding Volcanic activity / eruption";"1";"0";"0";"1";"0";"1";"0";"0";"I have not experienced any natural hazard ";"0";"0";"0";"0";"0";"0";"0";"1";"0";"";"";"";"";"";"";"";"";"";"";"No, I have not experienced a natural hazard on the road ";"";"Very low ";"Moderate";"No risk ";"No risk ";"High";"Very low ";"Very safe ";"Slightly informed";" No";"Definitely not";"Not sure";"Internet";"Yes, I have";"Other measures";"0";"0";"0";"0";"0";"0";"1";"0";"Yes, I am willing to adapt in every way possible. ";"I do not know what to do";"0";"0";"1";"0";"0";"0";"0";"0";"Yes, I would travel to a safer part of the island. ";"Do not trust at all";"Government of Tenerife ";"No, that is not needed  ";"Definitely yes ";"No";"";"Good nature";"757878247";"36f326c3-80b6-4bf4-9380-d79a0ef532ee";"2026-03-16T20:59:24";"";"";"submitted_via_web";"floorvanderv";"vaw83DbxZgUnSNQtbb2Vst";"";"uuid:36f326c3-80b6-4bf4-9380-d79a0ef532ee";"23"
"2026-03-16T09:33:10.991Z";"2026-03-16T09:44:12.965Z";"Yes, I want to participate with the survey and I am older than 18 years old.";"Tourist / visitor";"";"";"55-64";"Male";"University education ";"€5,000 or more";"Volcanic activity / eruption";"0";"0";"0";"0";"0";"1";"0";"0";"I have not experienced any natural hazard ";"0";"0";"0";"0";"0";"0";"0";"1";"0";"";"";"";"";"";"";"";"";"";"";"No, I have not experienced a natural hazard on the road ";"";"No risk ";"No risk ";"No risk ";"No risk ";"No risk ";"No risk ";"Very safe ";"Not informed at all";" No";"Probably yes";"Probably not";"Social media";"No, I did not prepare for hazards.";"";"";"";"";"";"";"";"";"";"Not willing at all";"Other";"0";"0";"0";"0";"0";"0";"1";"0";"Yes, I would travel to a safer part of the island. ";"Fully trust";"Government of Tenerife ";"Prefer not to answer";"Definitely yes ";"No";"";"";"757878249";"d51b338c-8118-4091-aee3-c5c9ad9f4e94";"2026-03-16T20:59:24";"";"";"submitted_via_web";"floorvanderv";"vaw83DbxZgUnSNQtbb2Vst";"";"uuid:d51b338c-8118-4091-aee3-c5c9ad9f4e94";"24"
"2026-03-16T09:49:51.086Z";"2026-03-16T10:00:13.713Z";"Yes, I want to participate with the survey and I am older than 18 years old.";"Tourist / visitor";"";"";"18-24 ";"Female";"University education ";"Less than €1,000 ";"Rockfall Landslides Flooding Coastal flooding Wildfires Volcanic activity / eruption Other  ";"1";"1";"1";"1";"1";"1";"1";"0";"Rockfall ";"1";"0";"0";"0";"0";"0";"0";"0";"0";"Rockfall Wildfires Flooding Landslides";"1";"1";"1";"0";"1";"0";"0";"0";"0";"Yes, I have experienced rockfall/landslide on the road, and this was a disturbance ";"";"Low";"Very low ";"Very high";"Very low ";"Low";"Low";"Neither safe nor unsafe ";"Very well informed";" No";"Probably not";"Probably not";"SMS";"No, I did not prepare for hazards.";"";"";"";"";"";"";"";"";"";"Yes, moderately willing to do some adaptation measures.";"I expect the government to handle it";"0";"0";"0";"0";"0";"1";"0";"0";"Yes, I would avoid the specific location mentioned in the warning";"Highly trust";"Government of Spain ";"";"Probably yes  ";"No";"";"Hoi";"757878250";"a5935cff-d9ff-47a5-be09-65483aa794f9";"2026-03-16T20:59:25";"";"";"submitted_via_web";"floorvanderv";"vaw83DbxZgUnSNQtbb2Vst";"";"uuid:a5935cff-d9ff-47a5-be09-65483aa794f9";"25"
"2026-03-16T10:05:58.169Z";"2026-03-16T10:13:39.961Z";"Yes, I want to participate with the survey and I am older than 18 years old.";"Tourist / visitor";"";"";"65+";"Female";"High school education  ";"Prefer to not say";"Volcanic activity / eruption";"0";"0";"0";"0";"0";"1";"0";"0";"I have not experienced any natural hazard ";"0";"0";"0";"0";"0";"0";"0";"1";"0";"";"";"";"";"";"";"";"";"";"";"No, I have not experienced a natural hazard on the road ";"";"No risk ";"No risk ";"No risk ";"No risk ";"No risk ";"No risk ";"Very safe ";"Not informed at all";" No";"Probably yes";"Probably yes";"SMS";"No, I did not prepare for hazards.";"";"";"";"";"";"";"";"";"";"Prefer not to say";"Other";"0";"0";"0";"0";"0";"0";"1";"0";"I don't know";"I don't know";"Government of Tenerife ";"No, that is not needed  ";"Definitely yes ";"No";"";"";"757878251";"1e6583f3-c69c-41f1-b5c3-85e853d1213f";"2026-03-16T20:59:25";"";"";"submitted_via_web";"floorvanderv";"vaw83DbxZgUnSNQtbb2Vst";"";"uuid:1e6583f3-c69c-41f1-b5c3-85e853d1213f";"26"
"2026-03-16T10:35:09.683Z";"2026-03-16T10:42:46.187Z";"Yes, I want to participate with the survey and I am older than 18 years old.";"Tourist / visitor";"";"";"45-54";"Female";"University education ";"€2,000–€2,999 ";"Flooding";"0";"0";"1";"0";"0";"0";"0";"0";"I have not experienced any natural hazard ";"0";"0";"0";"0";"0";"0";"0";"1";"0";"";"";"";"";"";"";"";"";"";"";"No, I have not experienced a natural hazard on the road ";"";"No risk ";"No risk ";"No risk ";"No risk ";"No risk ";"No risk ";"Very safe ";"I don’t know";" No";"Probably yes";"Probably yes";"SMS";"No, I did not prepare for hazards.";"";"";"";"";"";"";"";"";"";"Yes, I am willing to adapt in every way possible. ";"I do not know what to do";"0";"0";"1";"0";"0";"0";"0";"0";"Yes, I would avoid the specific location mentioned in the warning";"Fully trust";"Government of Tenerife ";"Prefer not to answer";"Definitely yes ";"No";"";"";"757878252";"6a22cbf7-d5b4-4b64-b698-19435074b7cf";"2026-03-16T20:59:25";"";"";"submitted_via_web";"floorvanderv";"vaw83DbxZgUnSNQtbb2Vst";"";"uuid:6a22cbf7-d5b4-4b64-b698-19435074b7cf";"27"
"2026-03-16T10:46:51.694Z";"2026-03-16T10:54:06.409Z";"Yes, I want to participate with the survey and I am older than 18 years old.";"Tourist / visitor";"";"";"45-54";"Male";"University education ";"€2,000–€2,999 ";"Wildfires Volcanic activity / eruption";"0";"0";"0";"0";"1";"1";"0";"0";"I have not experienced any natural hazard ";"0";"0";"0";"0";"0";"0";"0";"1";"0";"";"";"";"";"";"";"";"";"";"";"No, I have not experienced a natural hazard on the road ";"";"High";"Low";"No risk ";"Low";"High";"Moderate";"Very safe ";"Not informed at all";" No";"Definitely not";"Not sure";"Email";"No, I did not prepare for hazards.";"";"";"";"";"";"";"";"";"";"Yes, moderately willing to do some adaptation measures.";"Other";"0";"0";"0";"0";"0";"0";"1";"0";"Yes, I would pause activities and stay indoors while waiting for further updates";"Moderately trust";"Municipalities ";"";"Definitely yes ";"No";"";"";"757878253";"16c18336-877d-4ffc-a910-de845b0659a8";"2026-03-16T20:59:26";"";"";"submitted_via_web";"floorvanderv";"vaw83DbxZgUnSNQtbb2Vst";"";"uuid:16c18336-877d-4ffc-a910-de845b0659a8";"28"
"2026-03-16T10:55:31.881Z";"2026-03-16T11:04:13.504Z";"Yes, I want to participate with the survey and I am older than 18 years old.";"Tourist / visitor";"";"";"25-34";"Male";"University education ";"€3,000–€3,999 ";"";"";"";"";"";"";"";"";"";"I have not experienced any natural hazard ";"0";"0";"0";"0";"0";"0";"0";"1";"0";"";"";"";"";"";"";"";"";"";"";"No, I have not experienced a natural hazard on the road ";"";"High";"I don't know";"No risk ";"Low";"No risk ";"No risk ";"Safe ";"Not informed at all";" No";"Definitely not";"Definitely not";"SMS";"No, I did not prepare for hazards.";"";"";"";"";"";"";"";"";"";"Yes, willing to do so";"I do not know what to do";"0";"0";"1";"0";"0";"0";"0";"0";"Yes, I would pause activities and stay indoors while waiting for further updates";"Fully trust";"Government of Spain ";"";"Definitely yes ";"No";"";"";"757878256";"5a76a8d8-45e5-4313-81bd-68a444286a64";"2026-03-16T20:59:26";"";"";"submitted_via_web";"floorvanderv";"vaw83DbxZgUnSNQtbb2Vst";"";"uuid:5a76a8d8-45e5-4313-81bd-68a444286a64";"29"
"2026-03-16T11:43:46.264Z";"2026-03-16T11:50:21.393Z";"Yes, I want to participate with the survey and I am older than 18 years old.";"Tourist / visitor";"";"";"25-34";"Female";"University education ";"€1,000–€1,999 ";"";"";"";"";"";"";"";"";"";"I have not experienced any natural hazard ";"0";"0";"0";"0";"0";"0";"0";"1";"0";"";"";"";"";"";"";"";"";"";"";"No, I have not experienced a natural hazard on the road ";"";"Moderate";"Low";"Very low ";"No risk ";"Very low ";"Low";"Very safe ";"Not informed at all";" No";"Probably yes";"Not sure";"Television/News";"No, I did not prepare for hazards.";"";"";"";"";"";"";"";"";"";"Yes, slightly willing. (Only if I must, due to governmental recommendation)";"I do not know what to do";"0";"0";"1";"0";"0";"0";"0";"0";"Yes, I would travel to a safer part of the island. ";"Fully trust";"Government of Tenerife ";"Yes";"Definitely yes ";"No";"";"";"757878257";"0bb1cdb4-6269-4c6d-859b-7b12d46a6b08";"2026-03-16T20:59:27";"";"";"submitted_via_web";"floorvanderv";"vaw83DbxZgUnSNQtbb2Vst";"";"uuid:0bb1cdb4-6269-4c6d-859b-7b12d46a6b08";"30"
"2026-03-16T11:55:38.994Z";"2026-03-16T12:01:31.611Z";"Yes, I want to participate with the survey and I am older than 18 years old.";"Tourist / visitor";"";"";"25-34";"Female";"University education ";"Less than €1,000 ";"Volcanic activity / eruption Flooding Coastal flooding Wildfires";"0";"0";"1";"1";"1";"1";"0";"0";"Wildfires ";"0";"0";"0";"0";"1";"0";"0";"0";"0";"Wildfires Flooding";"0";"0";"1";"0";"1";"0";"0";"0";"0";"No, I have not experienced a natural hazard on the road ";"";"No risk ";"No risk ";"Moderate";"Moderate";"Very low ";"Very low ";"Neither safe nor unsafe ";"Slightly informed";" No";"Probably not";"Probably not";"Radio";"No, I did not prepare for hazards.";"";"";"";"";"";"";"";"";"";"Yes, slightly willing. (Only if I must, due to governmental recommendation)";"I do not know what to do";"0";"0";"1";"0";"0";"0";"0";"0";"Yes, I would travel to a safer part of the island. ";"Fully trust";"Government of Spain ";"";"Definitely yes ";"No";"";"";"757878259";"7d5e8b5d-7704-4798-9e38-d96ba792d473";"2026-03-16T20:59:27";"";"";"submitted_via_web";"floorvanderv";"vaw83DbxZgUnSNQtbb2Vst";"";"uuid:7d5e8b5d-7704-4798-9e38-d96ba792d473";"31"
"2026-03-16T12:18:06.930Z";"2026-03-16T12:25:56.300Z";"Yes, I want to participate with the survey and I am older than 18 years old.";"Tourist / visitor";"";"";"18-24 ";"Male";"University education ";"Prefer to not say";"Rockfall Wildfires";"1";"0";"0";"0";"1";"0";"0";"0";"I have not experienced any natural hazard ";"0";"0";"0";"0";"0";"0";"0";"1";"0";"";"";"";"";"";"";"";"";"";"";"No, I have not experienced a natural hazard on the road ";"";"Very low ";"Very low ";"No risk ";"No risk ";"Very low ";"No risk ";"Safe ";"Moderately informed";"Yes";"Not sure";"Probably yes";"SMS";"No, I did not prepare for hazards.";"";"";"";"";"";"";"";"";"";"Yes, moderately willing to do some adaptation measures.";"Too expensive";"1";"0";"0";"0";"0";"0";"0";"0";"Yes, I would travel to a safer part of the island. ";"Highly trust";"Government of Tenerife ";"No, that is not needed  ";"Definitely yes ";"No";"";"";"757878261";"3c79693c-c264-4905-bc8c-3043a445528e";"2026-03-16T20:59:27";"";"";"submitted_via_web";"floorvanderv";"vaw83DbxZgUnSNQtbb2Vst";"";"uuid:3c79693c-c264-4905-bc8c-3043a445528e";"32"
"2026-03-16T12:54:50.837Z";"2026-03-16T13:02:10.065Z";"Yes, I want to participate with the survey and I am older than 18 years old.";"Tourist / visitor";"";"";"25-34";"Female";"High school education  ";"€1,000–€1,999 ";"Rockfall Landslides Volcanic activity / eruption";"1";"1";"0";"0";"0";"1";"0";"0";"Flooding";"0";"0";"1";"0";"0";"0";"0";"0";"0";"Volcanic activity / eruption  Coastal flooding";"0";"0";"0";"1";"0";"1";"0";"0";"0";"No, I have not experienced a natural hazard on the road ";"";"High";"Very low ";"No risk ";"Very low ";"Moderate";"Very low ";"Safe ";"Moderately informed";" No";"Probably not";"Probably not";"SMS";"No, I did not prepare for hazards.";"";"";"";"";"";"";"";"";"";"Yes, moderately willing to do some adaptation measures.";"I do not know what to do";"0";"0";"1";"0";"0";"0";"0";"0";"Yes, I would travel to a safer part of the island. ";"Fully trust";"Government of Spain ";"";"Definitely yes ";"No";"";"";"757878262";"f4b5bc5c-f3a2-4576-be7c-b87202468b8d";"2026-03-16T20:59:28";"";"";"submitted_via_web";"floorvanderv";"vaw83DbxZgUnSNQtbb2Vst";"";"uuid:f4b5bc5c-f3a2-4576-be7c-b87202468b8d";"33"
"2026-03-17T08:46:07.653-00:00";"2026-03-17T08:48:29.119-00:00";"";"Seasonal resident  ";"";"1-5 years  ";"25-34";"Female";"High school education  ";"€1,000–€1,999 ";"Rockfall Wildfires";"1";"0";"0";"0";"1";"0";"0";"0";"I have not experienced any natural hazard ";"0";"0";"0";"0";"0";"0";"0";"1";"0";"";"";"";"";"";"";"";"";"";"";"No, I have not experienced a natural hazard on the road ";"";"Moderate";"I don't know";"I don't know";"I don't know";"Moderate";"I don't know";"Unsafe ";"Not informed at all";"";"Definitely not";"Definitely not";"Social media";"No, I did not prepare for hazards.";"";"";"";"";"";"";"";"";"";"Yes, slightly willing. (Only if I must, due to governmental recommendation)";"Too expensive I do not think it is necessary I do not know what to do";"1";"1";"1";"0";"0";"0";"0";"0";"No, I would continue activities as planned.";"Do not trust at all";"The inhabitants of Tenerife ";"";"Probably no";"I don't know";"";"Keine";"758002021";"f4e004b1-9a7b-418a-91d0-30425b6318f7";"2026-03-17T08:48:29";"";"";"submitted_via_web";"";"vaw83DbxZgUnSNQtbb2Vst";"";"uuid:f4e004b1-9a7b-418a-91d0-30425b6318f7";"34"
"2026-03-17T08:48:32.556-00:00";"2026-03-17T08:50:38.853-00:00";"Yes, I want to participate with the survey and I am older than 18 years old.";"Seasonal resident  ";"";"Less than 1 year  ";"25-34";"Male";"Prefer not to say ";"Prefer to not say";"Rockfall";"1";"0";"0";"0";"0";"0";"0";"0";"I have not experienced any natural hazard ";"0";"0";"0";"0";"0";"0";"0";"1";"0";"";"";"";"";"";"";"";"";"";"";"No, I have not experienced a natural hazard on the road ";"";"Very high";"Very high";"Very high";"Very high";"Very high";"Very high";"Safe ";"Not informed at all";"";"Probably not";"Definitely not";"Internet";"No, I did not prepare for hazards.";"";"";"";"";"";"";"";"";"";"Not willing at all";"I do not think it is necessary";"0";"1";"0";"0";"0";"0";"0";"0";"No, I would continue activities as planned.";"Do not trust at all";"Prefer not to answer ";"";"Probably yes  ";"No";"";"Stupid";"758003196";"bc4bf9de-2bdc-4f8e-9cb7-563aefd58070";"2026-03-17T08:50:39";"";"";"submitted_via_web";"";"vaw83DbxZgUnSNQtbb2Vst";"";"uuid:bc4bf9de-2bdc-4f8e-9cb7-563aefd58070";"35"
"2026-03-17T10:03:35.102-00:00";"2026-03-17T11:02:13.718-00:00";"Yes, I want to participate with the survey and I am older than 18 years old.";"Permanent resident";"La Guancha";"All my life ";"18-24 ";"Female";"High school education  ";"Less than €1,000 ";"Rockfall Landslides Wildfires Volcanic activity / eruption";"1";"1";"0";"0";"1";"1";"0";"0";"Rockfall  Wildfires ";"1";"0";"0";"0";"1";"0";"0";"0";"0";"Wildfires Volcanic activity / eruption ";"0";"0";"0";"0";"1";"1";"0";"0";"0";"Yes, I have experienced rockfall/landslide on the road, and this was a disturbance ";"";"High";"Moderate";"Very low ";"Very low ";"High";"Very low ";"Unsafe ";"Slightly informed";"";"Probably not";"Not sure";"Internet";"No, I did not prepare for hazards.";"";"";"";"";"";"";"";"";"";"Yes, willing to do so";"Too expensive I do not know what to do I expect the government to handle it";"1";"0";"1";"0";"0";"1";"0";"0";"Yes, I would pause activities and stay indoors while waiting for further updates";"Moderately trust";"Government of Tenerife ";"Prefer not to answer";"Probably yes  ";"Yes";"4";"No";"758065542";"5e10a953-dca5-4c5b-b74c-1b6fe2216741";"2026-03-17T11:02:14";"";"";"submitted_via_web";"";"vaw83DbxZgUnSNQtbb2Vst";"";"uuid:5e10a953-dca5-4c5b-b74c-1b6fe2216741";"36"
"2026-03-17T11:02:17.020-00:00";"2026-03-17T11:09:44.817-00:00";"Yes, I want to participate with the survey and I am older than 18 years old.";"Permanent resident";"38440";"All my life ";"18-24 ";"Female";"High school education  ";"€1,000–€1,999 ";"Rockfall Wildfires Volcanic activity / eruption";"1";"0";"0";"0";"1";"1";"0";"0";"Rockfall  Wildfires ";"1";"0";"0";"0";"1";"0";"0";"0";"0";"Wildfires Volcanic activity / eruption ";"0";"0";"0";"0";"1";"1";"0";"0";"0";"Yes, I have experienced rockfall/landslide on the road, and this was a disturbance ";"";"High";"Low";"Low";"Low";"High";"High";"Unsafe ";"Not informed at all";"";"Definitely not";"Not sure";"Internet";"No, I did not prepare for hazards.";"";"";"";"";"";"";"";"";"";"Yes, willing to do so";"I do not know what to do";"0";"0";"1";"0";"0";"0";"0";"0";"Yes, I would avoid the specific location mentioned in the warning";"Moderately trust";"Government of Spain ";"";"Probably yes  ";"No";"";"¡buena suerte con la investigación!";"758068599";"f2b1d0b2-f2fd-4687-b07e-6b092c075a68";"2026-03-17T11:09:45";"";"";"submitted_via_web";"";"vaw83DbxZgUnSNQtbb2Vst";"";"uuid:f2b1d0b2-f2fd-4687-b07e-6b092c075a68";"37"
"2026-03-17T11:28:26.708-00:00";"2026-03-17T11:34:51.542-00:00";"Yes, I want to participate with the survey and I am older than 18 years old.";"Permanent resident";"38005";"More than 10 years ";"45-54";"Male";"High school education  ";"Prefer to not say";"Rockfall Landslides Flooding Coastal flooding Wildfires Volcanic activity / eruption";"1";"1";"1";"1";"1";"1";"0";"0";"Flooding Wildfires ";"0";"0";"1";"0";"1";"0";"0";"0";"0";"Rockfall Landslides Flooding Coastal flooding Wildfires Volcanic activity / eruption ";"1";"1";"1";"1";"1";"1";"0";"0";"0";"No, I have not experienced a natural hazard on the road ";"";"Moderate";"Moderate";"Very low ";"Very low ";"Low";"High";"Unsafe ";"Moderately informed";"";"Not sure";"Not sure";"SMS";"No, I did not prepare for hazards.";"";"";"";"";"";"";"";"";"";"Yes, I am willing to adapt in every way possible. ";"I do not know what to do";"0";"0";"1";"0";"0";"0";"0";"0";"Yes, I would travel to a safer part of the island. ";"Highly trust";"Government of Tenerife ";"No, that is not needed  ";"Probably no";"Yes";"2";"";"758078479";"aef2eb6b-f155-4980-9198-7181ad1c3b89";"2026-03-17T11:34:53";"";"";"submitted_via_web";"";"vaw83DbxZgUnSNQtbb2Vst";"";"uuid:aef2eb6b-f155-4980-9198-7181ad1c3b89";"38"
"2026-03-17T10:19:41.112-00:00";"2026-03-17T13:12:47.298-00:00";"Yes, I want to participate with the survey and I am older than 18 years old.";"Tourist / visitor";"";"";"25-34";"Male";"University education ";"€5,000 or more";"Rockfall Landslides Wildfires Volcanic activity / eruption";"1";"1";"0";"0";"1";"1";"0";"0";"I have not experienced any natural hazard ";"0";"0";"0";"0";"0";"0";"0";"1";"0";"";"";"";"";"";"";"";"";"";"";"No, I have not experienced a natural hazard on the road ";"";"Low";"Low";"No risk ";"";"Very low ";"Low";"Safe ";"Well informed";"Yes";"Probably yes";"Probably yes";"Internet";"No, I did not prepare for hazards.";"";"";"";"";"";"";"";"";"";"Yes, I am willing to adapt in every way possible. ";"I rent the property I expect the government to handle it";"0";"0";"0";"1";"0";"1";"0";"0";"Yes, I would travel to a safer part of the island. ";"Highly trust";"Municipalities ";"";"Probably yes  ";"I don't know";"";"n.a";"758112645";"273060ef-9115-4a52-b68d-1f1012e8b554";"2026-03-17T13:12:47";"";"";"submitted_via_web";"";"vaw83DbxZgUnSNQtbb2Vst";"";"uuid:273060ef-9115-4a52-b68d-1f1012e8b554";"39"
"2026-03-17T13:18:10.448-00:00";"2026-03-17T13:24:57.879-00:00";"";"Tourist / visitor";"";"";"25-34";"Male";"University education ";"€3,000–€3,999 ";"Coastal flooding Volcanic activity / eruption";"0";"0";"0";"1";"0";"1";"0";"0";"I have not experienced any natural hazard ";"0";"0";"0";"0";"0";"0";"0";"1";"0";"";"";"";"";"";"";"";"";"";"";"No, I have not experienced a natural hazard on the road ";"";"Low";"Very low ";"Moderate";"High";"Very low ";"No risk ";"Safe ";"Slightly informed";" No";"Probably not";"Probably not";"Internet";"No, I did not prepare for hazards.";"";"";"";"";"";"";"";"";"";"Yes, slightly willing. (Only if I must, due to governmental recommendation)";"I do not think it is necessary I do not know what to do Other";"0";"1";"1";"0";"0";"0";"1";"0";"Yes, I would avoid the specific location mentioned in the warning";"Highly trust";"Government of Tenerife ";"";"Probably yes  ";"No";"";"";"758116605";"0689ec84-defc-49e3-bd3f-fbc3e35f2f6e";"2026-03-17T13:24:58";"";"";"submitted_via_web";"";"vaw83DbxZgUnSNQtbb2Vst";"";"uuid:0689ec84-defc-49e3-bd3f-fbc3e35f2f6e";"40"
"2026-03-17T11:21:42.905Z";"2026-03-17T11:29:40.066Z";"Yes, I want to participate with the survey and I am older than 18 years old.";"Tourist / visitor";"";"";"25-34";"Female";"University education ";"€1,000–€1,999 ";"Rockfall Landslides Coastal flooding Volcanic activity / eruption";"1";"1";"0";"1";"0";"1";"0";"0";"I have not experienced any natural hazard ";"0";"0";"0";"0";"0";"0";"0";"1";"0";"";"";"";"";"";"";"";"";"";"";"No, I have not experienced a natural hazard on the road ";"";"Moderate";"Moderate";"No risk ";"No risk ";"No risk ";"No risk ";"Neither safe nor unsafe ";"Slightly informed";" No";"Not sure";"Not sure";"Television/News";"No, I did not prepare for hazards.";"";"";"";"";"";"";"";"";"";"Yes, willing to do so";"I expect the government to handle it I do not think it is necessary I do not know what to do";"0";"1";"1";"0";"0";"1";"0";"0";"Yes, I would travel to a safer part of the island. ";"Highly trust";"Government of Tenerife ";"Yes";"Definitely yes ";"Yes";"5.0";"";"758222600";"cb5a10fe-4ca3-472c-b292-4356caac3754";"2026-03-17T19:43:21";"";"";"submitted_via_web";"simona_gruber";"vaw83DbxZgUnSNQtbb2Vst";"";"uuid:cb5a10fe-4ca3-472c-b292-4356caac3754";"41"
"2026-03-17T11:52:11.448Z";"2026-03-17T11:59:03.903Z";"Yes, I want to participate with the survey and I am older than 18 years old.";"Tourist / visitor";"";"";"35-44";"Male";"University education ";"Prefer to not say";"Rockfall Wildfires Volcanic activity / eruption";"1";"0";"0";"0";"1";"1";"0";"0";"I have not experienced any natural hazard ";"0";"0";"0";"0";"0";"0";"0";"1";"0";"";"";"";"";"";"";"";"";"";"";"No, I have not experienced a natural hazard on the road ";"";"High";"High";"I don't know";"I don't know";"I don't know";"Very low ";"Unsafe ";"Slightly informed";" No";"Probably not";"Probably yes";"Internet";"No, I did not prepare for hazards.";"";"";"";"";"";"";"";"";"";"Yes, moderately willing to do some adaptation measures.";"I do not know what to do I rent the property";"0";"0";"1";"1";"0";"0";"0";"0";"Yes, I would avoid the specific location mentioned in the warning";"Slightly trust";"Government of Tenerife ";"No, that is not needed  ";"Definitely yes ";"No";"";"The app TenerifeON would be a useful way to receive information, however its very buggy and doesn't work
";"758222601";"d56b1a66-2fca-4d50-aaa0-11aba50ca932";"2026-03-17T19:43:21";"";"";"submitted_via_web";"simona_gruber";"vaw83DbxZgUnSNQtbb2Vst";"";"uuid:d56b1a66-2fca-4d50-aaa0-11aba50ca932";"42"
"2026-03-17T12:10:01.401Z";"2026-03-17T12:16:43.938Z";"Yes, I want to participate with the survey and I am older than 18 years old.";"Tourist / visitor";"";"";"55-64";"Male";"High school education  ";"€5,000 or more";"Rockfall Landslides Flooding Coastal flooding Volcanic activity / eruption";"1";"1";"1";"1";"0";"1";"0";"0";"I have not experienced any natural hazard ";"0";"0";"0";"0";"0";"0";"0";"1";"0";"";"";"";"";"";"";"";"";"";"";"No, I have not experienced a natural hazard on the road ";"";"Moderate";"Moderate";"Moderate";"High";"Very low ";"Very low ";"Safe ";"Moderately informed";" No";"Not sure";"Not sure";"Social media";"No, I did not prepare for hazards.";"";"";"";"";"";"";"";"";"";"Yes, willing to do so";"Prefer not to say";"0";"0";"0";"0";"0";"0";"0";"1";"No, I would continue activities as planned.";"Moderately trust";"Government of Spain ";"";"Probably yes  ";"No";"";"";"758222602";"120b4d28-4766-4def-8d29-34c4de1fd5b5";"2026-03-17T19:43:22";"";"";"submitted_via_web";"simona_gruber";"vaw83DbxZgUnSNQtbb2Vst";"";"uuid:120b4d28-4766-4def-8d29-34c4de1fd5b5";"43"
"2026-03-17T11:50:04.516Z";"2026-03-17T11:57:16.216Z";"Yes, I want to participate with the survey and I am older than 18 years old.";"Tourist / visitor";"";"";"25-34";"Male";"High school education  ";"€3,000–€3,999 ";"Rockfall Flooding Landslides";"1";"1";"1";"0";"0";"0";"0";"0";"I have not experienced any natural hazard ";"0";"0";"0";"0";"0";"0";"0";"1";"0";"";"";"";"";"";"";"";"";"";"";"No, I have not experienced a natural hazard on the road ";"";"Moderate";"High";"High";"High";"Low";"Very low ";"Neither safe nor unsafe ";"Not informed at all";" No";"Probably not";"Probably not";"Television/News";"No, I did not prepare for hazards.";"";"";"";"";"";"";"";"";"";"Yes, slightly willing. (Only if I must, due to governmental recommendation)";"I do not think it is necessary I expect the government to handle it";"0";"1";"0";"0";"0";"1";"0";"0";"Yes, I would avoid the specific location mentioned in the warning";"Slightly trust";"Government of Spain ";"";"Probably yes  ";"No";"";"";"758225263";"16f28472-320f-4e07-8eb7-e76969866698";"2026-03-17T20:02:19";"";"";"submitted_via_web";"simona_gruber";"vaw83DbxZgUnSNQtbb2Vst";"";"uuid:16f28472-320f-4e07-8eb7-e76969866698";"44"
"2026-03-18T08:17:02.684-00:00";"2026-03-18T08:19:54.417-00:00";"Yes, I want to participate with the survey and I am older than 18 years old.";"Tourist / visitor";"";"";"25-34";"Female";"University education ";"€3,000–€3,999 ";"Rockfall Wildfires Volcanic activity / eruption";"1";"0";"0";"0";"1";"1";"0";"0";"I have not experienced any natural hazard ";"0";"0";"0";"0";"0";"0";"0";"1";"0";"";"";"";"";"";"";"";"";"";"";"No, I have not experienced a natural hazard on the road ";"";"Moderate";"I don't know";"I don't know";"Low";"Moderate";"Very low ";"Unsafe ";"Slightly informed";" I don’t know";"Probably not";"Probably not";"SMS";"No, I did not prepare for hazards.";"";"";"";"";"";"";"";"";"";"Yes, willing to do so";"I do not know what to do I expect the government to handle it";"0";"0";"1";"0";"0";"1";"0";"0";"Yes, I would pause activities and stay indoors while waiting for further updates";"Moderately trust";"Government of Tenerife ";"Yes";"";"I don't know";"";"Nein";"758336064";"64b3e3cc-3f19-4751-aac8-c4d039dac7ac";"2026-03-18T08:19:55";"";"";"submitted_via_web";"";"vaw83DbxZgUnSNQtbb2Vst";"";"uuid:64b3e3cc-3f19-4751-aac8-c4d039dac7ac";"45"
"2026-03-18T08:19:57.968-00:00";"2026-03-18T08:22:52.886-00:00";"Yes, I want to participate with the survey and I am older than 18 years old.";"Tourist / visitor";"";"";"35-44";"Male";"High school education  ";"Prefer to not say";"Rockfall Wildfires Volcanic activity / eruption";"1";"0";"0";"0";"1";"1";"0";"0";"I have not experienced any natural hazard ";"0";"0";"0";"0";"0";"0";"0";"1";"0";"";"";"";"";"";"";"";"";"";"";"No, I have not experienced a natural hazard on the road ";"";"High";"Very high";"Very high";"Very low ";"Moderate";"Very low ";"Neither safe nor unsafe ";"Moderately informed";" No";"Definitely not";"Probably not";"Social media";"No, I did not prepare for hazards.";"";"";"";"";"";"";"";"";"";"Yes, slightly willing. (Only if I must, due to governmental recommendation)";"I do not think it is necessary I do not know what to do I expect the government to handle it";"0";"1";"1";"0";"0";"1";"0";"0";"Yes, I would avoid the specific location mentioned in the warning";"Slightly trust";"Government of Spain ";"";"Definitely yes ";"No";"";"W";"758337449";"c75aad50-07c3-42da-b02f-93fb94ff8ece";"2026-03-18T08:22:53";"";"";"submitted_via_web";"";"vaw83DbxZgUnSNQtbb2Vst";"";"uuid:c75aad50-07c3-42da-b02f-93fb94ff8ece";"46"
"2026-03-18T09:39:50.298+01:00";"2026-03-18T09:50:44.793+01:00";"Yes, I want to participate with the survey and I am older than 18 years old.";"Tourist / visitor";"";"";"55-64";"Male";"University education ";"€3,000–€3,999 ";"Rockfall Landslides Flooding Coastal flooding Wildfires Other  ";"1";"1";"1";"1";"1";"0";"1";"0";"I have not experienced any natural hazard ";"0";"0";"0";"0";"0";"0";"0";"1";"0";"";"";"";"";"";"";"";"";"";"";"No, I have not experienced a natural hazard on the road ";"";"No risk ";"No risk ";"No risk ";"No risk ";"No risk ";"No risk ";"Neither safe nor unsafe ";"Well informed";" No";"Probably yes";"Probably yes";"School education";"No, I did not prepare for hazards.";"";"";"";"";"";"";"";"";"";"Yes, willing to do so";"I rent the property";"0";"0";"0";"1";"0";"0";"0";"0";"Yes, I would avoid the specific location mentioned in the warning";"Highly trust";"Government of Tenerife ";"Yes";"Probably yes  ";"No";"";"No";"758348358";"26b33c95-9b74-4c8c-9cc3-57a9c2eb762b";"2026-03-18T08:50:45";"";"";"submitted_via_web";"";"vaw83DbxZgUnSNQtbb2Vst";"";"uuid:26b33c95-9b74-4c8c-9cc3-57a9c2eb762b";"47"
"2026-03-18T09:53:14.438-00:00";"2026-03-18T10:54:12.600-00:00";"";"Seasonal resident  ";"La Guancha";"6-10 years";"35-44";"Female";"University education ";"€2,000–€2,999 ";"Rockfall Landslides Flooding Coastal flooding Wildfires Volcanic activity / eruption";"1";"1";"1";"1";"1";"1";"0";"0";"Rockfall  Landslides Coastal flooding  Wildfires ";"1";"1";"0";"1";"1";"0";"0";"0";"0";"Wildfires Volcanic activity / eruption ";"0";"0";"0";"0";"1";"1";"0";"0";"0";"Yes, I have experienced rockfall/landslide on the road, and this was a disturbance ";"";"Moderate";"Moderate";"Very low ";"Very low ";"High";"Very low ";"Neither safe nor unsafe ";"Moderately informed";"";"Probably yes";"Probably yes";"Internet";"Yes, I have";"Emergency plan";"1";"0";"0";"0";"0";"0";"0";"0";"Yes, willing to do so";"Too expensive I do not have time I expect the government to handle it";"1";"0";"0";"0";"1";"1";"0";"0";"Yes, I would avoid the specific location mentioned in the warning";"Moderately trust";"Government of Tenerife ";"Yes";"Probably yes  ";"I don't know";"";"";"758399044";"256a060a-8e18-4490-9a08-999b080034c4";"2026-03-18T10:54:13";"";"";"submitted_via_web";"";"vaw83DbxZgUnSNQtbb2Vst";"";"uuid:256a060a-8e18-4490-9a08-999b080034c4";"48"
"2026-03-18T10:41:43.656Z";"2026-03-18T10:47:40.554Z";"Yes, I want to participate with the survey and I am older than 18 years old.";"Tourist / visitor";"";"";"55-64";"Male";"University education ";"Prefer to not say";"Rockfall Flooding Volcanic activity / eruption";"1";"0";"1";"0";"0";"1";"0";"0";"I have not experienced any natural hazard ";"0";"0";"0";"0";"0";"0";"0";"1";"0";"";"";"";"";"";"";"";"";"";"";"No, I have not experienced a natural hazard on the road ";"";"Low";"Very low ";"Very low ";"Very low ";"Low";"Low";"Safe ";"Well informed";" No";"Probably yes";"Yes, definitely";"Internet";"No, I did not prepare for hazards.";"";"";"";"";"";"";"";"";"";"Yes, willing to do so";"Prefer not to say";"0";"0";"0";"0";"0";"0";"0";"1";"Yes, I would travel to a safer part of the island. ";"Fully trust";"Prefer not to answer ";"";"Probably yes  ";"No";"";"";"758410024";"45b332c3-7ff7-4b17-bb6c-fb5605b337ad";"2026-03-18T11:26:27";"";"";"submitted_via_web";"mauricemommen";"vaw83DbxZgUnSNQtbb2Vst";"";"uuid:45b332c3-7ff7-4b17-bb6c-fb5605b337ad";"49"
"2026-03-18T13:39:45.709+01:00";"2026-03-18T13:42:52.600+01:00";"Yes, I want to participate with the survey and I am older than 18 years old.";"Tourist / visitor";"";"";"55-64";"Female";"University education ";"Prefer to not say";"Rockfall Landslides Wildfires Volcanic activity / eruption";"1";"1";"0";"0";"1";"1";"0";"0";"I have not experienced any natural hazard ";"0";"0";"0";"0";"0";"0";"0";"1";"0";"";"";"";"";"";"";"";"";"";"";"No, I have not experienced a natural hazard on the road ";"";"Low";"Moderate";"";"Low";"High";"Low";"Safe ";"Slightly informed";" I don’t know";"Probably yes";"Probably not";"Social media";"No, I did not prepare for hazards.";"";"";"";"";"";"";"";"";"";"Yes, I am willing to adapt in every way possible. ";"I expect the government to handle it";"0";"0";"0";"0";"0";"1";"0";"0";"Yes, I would pause activities and stay indoors while waiting for further updates";"Highly trust";"Government of Tenerife ";"Yes";"Probably yes  ";"No";"";"";"758442412";"51da93e4-54c0-42f2-907b-a893fbd7d3f9";"2026-03-18T12:42:52";"";"";"submitted_via_web";"";"vaw83DbxZgUnSNQtbb2Vst";"";"uuid:51da93e4-54c0-42f2-907b-a893fbd7d3f9";"50"
"2026-03-14T10:50:49.450Z";"2026-03-14T10:56:38.731Z";"Yes, I want to participate with the survey and I am older than 18 years old.";"Tourist / visitor";"";"";"25-34";"Female";"University education ";"€1,000–€1,999 ";"Volcanic activity / eruption Rockfall Landslides Flooding Coastal flooding";"1";"1";"1";"1";"0";"1";"0";"0";"I have not experienced any natural hazard ";"0";"0";"0";"0";"0";"0";"0";"1";"0";"";"";"";"";"";"";"";"";"";"";"No, I have not experienced a natural hazard on the road ";"";"Moderate";"High";"Low";"Very high";"Very low ";"High";"Safe ";"Moderately informed";" No";"Probably not";"Probably yes";"Internet";"No, I did not prepare for hazards.";"";"";"";"";"";"";"";"";"";"Yes, willing to do so";"I rent the property I do not think it is necessary";"0";"1";"0";"1";"0";"0";"0";"0";"Yes, I would flee the island as soon as possible. ";"Moderately trust";"Government of Spain ";"";"Probably yes  ";"No";"";"No
";"758554289";"bafe1204-1f34-4e06-bc1c-915b2bab63ff";"2026-03-18T19:01:16";"";"";"submitted_via_web";"noorversluis";"vaw83DbxZgUnSNQtbb2Vst";"";"uuid:bafe1204-1f34-4e06-bc1c-915b2bab63ff";"51"
"2026-03-14T11:16:42.415Z";"2026-03-14T11:21:17.090Z";"Yes, I want to participate with the survey and I am older than 18 years old.";"Tourist / visitor";"";"";"45-54";"Male";"University education ";"€2,000–€2,999 ";"Rockfall Landslides Flooding";"1";"1";"1";"0";"0";"0";"0";"0";"I have not experienced any natural hazard ";"0";"0";"0";"0";"0";"0";"0";"1";"0";"";"";"";"";"";"";"";"";"";"";"No, I have not experienced a natural hazard on the road ";"";"No risk ";"No risk ";"No risk ";"No risk ";"No risk ";"No risk ";"Safe ";"Not informed at all";" No";"Probably not";"Definitely not";"SMS";"No, I did not prepare for hazards.";"";"";"";"";"";"";"";"";"";"Not willing at all";"I do not think it is necessary";"0";"1";"0";"0";"0";"0";"0";"0";"Yes, I would travel to a safer part of the island. ";"Highly trust";"Government of Tenerife ";"No, that is not needed  ";"Probably yes  ";"Yes";"2.0";"No
0";"758554291";"acfb13be-4495-486f-b701-bea2fa3bb22d";"2026-03-18T19:01:16";"";"";"submitted_via_web";"noorversluis";"vaw83DbxZgUnSNQtbb2Vst";"";"uuid:acfb13be-4495-486f-b701-bea2fa3bb22d";"52"
"2026-03-14T11:47:13.728Z";"2026-03-14T11:53:56.786Z";"Yes, I want to participate with the survey and I am older than 18 years old.";"Tourist / visitor";"";"";"55-64";"Female";"University education ";"€4,000–€4,999 ";"Wildfires Volcanic activity / eruption";"0";"0";"0";"0";"1";"1";"0";"0";"I have not experienced any natural hazard ";"0";"0";"0";"0";"0";"0";"0";"1";"0";"";"";"";"";"";"";"";"";"";"";"No, I have not experienced a natural hazard on the road ";"";"Moderate";"Low";"Low";"Low";"Low";"Low";"Neither safe nor unsafe ";"Not informed at all";" No";"Definitely not";"Definitely not";"SMS";"No, I did not prepare for hazards.";"";"";"";"";"";"";"";"";"";"Not willing at all";"I rent the property";"0";"0";"0";"1";"0";"0";"0";"0";"Yes, I would avoid the specific location mentioned in the warning";"Fully trust";"Government of Tenerife ";"No, that is not needed  ";"Probably yes  ";"I don't know";"";"";"758554293";"75b0b1bd-2133-47e2-90b3-75619fcf75c9";"2026-03-18T19:01:17";"";"";"submitted_via_web";"noorversluis";"vaw83DbxZgUnSNQtbb2Vst";"";"uuid:75b0b1bd-2133-47e2-90b3-75619fcf75c9";"53"
"2026-03-14T12:05:57.012Z";"2026-03-14T12:12:04.785Z";"Yes, I want to participate with the survey and I am older than 18 years old.";"Tourist / visitor";"";"";"65+";"Male";"University education ";"€3,000–€3,999 ";"Rockfall Landslides Coastal flooding";"1";"1";"0";"1";"0";"0";"0";"0";"Coastal flooding  Landslides";"0";"1";"0";"1";"0";"0";"0";"0";"0";"Coastal flooding Landslides";"0";"1";"0";"1";"0";"0";"0";"0";"0";"Yes, I have experienced rockfall/landslide on the road, and this was a disturbance ";"";"Low";"Moderate";"No risk ";"High";"";"";"Safe ";"Moderately informed";" I don’t know";"Probably yes";"Definitely not";"SMS";"No, I did not prepare for hazards.";"";"";"";"";"";"";"";"";"";"Yes, slightly willing. (Only if I must, due to governmental recommendation)";"I do not know what to do";"0";"0";"1";"0";"0";"0";"0";"0";"Yes, I would pause activities and stay indoors while waiting for further updates";"Fully trust";"Government of Tenerife ";"Yes";"Definitely yes ";"No";"";"No";"758554297";"49bfbf1c-bf69-40d3-b87e-6219f26211e6";"2026-03-18T19:01:17";"";"";"submitted_via_web";"noorversluis";"vaw83DbxZgUnSNQtbb2Vst";"";"uuid:49bfbf1c-bf69-40d3-b87e-6219f26211e6";"54"
"2026-03-14T14:59:57.096Z";"2026-03-14T15:06:54.452Z";"Yes, I want to participate with the survey and I am older than 18 years old.";"Tourist / visitor";"";"";"55-64";"Male";"University education ";"€5,000 or more";"Prefer not to say";"0";"0";"0";"0";"0";"0";"0";"1";"I have not experienced any natural hazard ";"0";"0";"0";"0";"0";"0";"0";"1";"0";"";"";"";"";"";"";"";"";"";"";"No, I have not experienced a natural hazard on the road ";"";"Moderate";"High";"High";"Very high";"Moderate";"Very low ";"Neither safe nor unsafe ";"Well informed";" I don’t know";"Not sure";"Probably yes";"Internet";"No, I did not prepare for hazards.";"";"";"";"";"";"";"";"";"";"Yes, willing to do so";"Prefer not to say";"0";"0";"0";"0";"0";"0";"0";"1";"Yes, I would pause activities and stay indoors while waiting for further updates";"Highly trust";"Government of Spain ";"";"Definitely yes ";"No";"";"No";"758554303";"908036a9-14d5-4e4e-99e0-de178f13c70e";"2026-03-18T19:01:18";"";"";"submitted_via_web";"noorversluis";"vaw83DbxZgUnSNQtbb2Vst";"";"uuid:908036a9-14d5-4e4e-99e0-de178f13c70e";"55"
"2026-03-14T15:57:34.409Z";"2026-03-14T16:02:29.041Z";"Yes, I want to participate with the survey and I am older than 18 years old.";"Tourist / visitor";"";"";"25-34";"Male";"University education ";"€3,000–€3,999 ";"Wildfires Landslides Rockfall Flooding";"1";"1";"1";"0";"1";"0";"0";"0";"I have not experienced any natural hazard ";"0";"0";"0";"0";"0";"0";"0";"1";"0";"";"";"";"";"";"";"";"";"";"";"No, I have not experienced a natural hazard on the road ";"";"No risk ";"No risk ";"No risk ";"No risk ";"Low";"No risk ";"Neither safe nor unsafe ";"Moderately informed";" No";"Probably yes";"Probably yes";"Internet";"No, I did not prepare for hazards.";"";"";"";"";"";"";"";"";"";"Yes, willing to do so";"Prefer not to say";"0";"0";"0";"0";"0";"0";"0";"1";"Yes, I would pause activities and stay indoors while waiting for further updates";"Highly trust";"Prefer not to answer ";"";"Probably yes  ";"Yes";"2.0";"1";"758554309";"ae5b2a61-7266-44c6-a7e0-170f44e3227d";"2026-03-18T19:01:19";"";"";"submitted_via_web";"noorversluis";"vaw83DbxZgUnSNQtbb2Vst";"";"uuid:ae5b2a61-7266-44c6-a7e0-170f44e3227d";"56"
